{"cameraMode":{"drawMode":0,"name":"Shaded","section":"Shading Mode"},"sceneLighting":true,"audioPlay":false,"sceneViewState":{"showFog":true,"showMaterialUpdate":false,"showSkybox":true,"showFlares":true,"showImageEffects":true,"showParticleSystems":true},"in2DMode":false,"pivot":{"x":1.3764524459838868,"y":-14.158756256103516,"z":69.46005249023438},"rotation":{"x":0.002510828198865056,"y":0.9957785606384277,"z":-0.0871625617146492,"w":0.028687719255685808},"size":106.07459259033203,"orthographic":false}